{"\ubd04 \uc6dc\ud1a4": 138.52437225792582, "\uaca8\uc6b8 \ucfe8\ud1a4": 136.56659186242172, 
"\uac00\uc744 \uc6dc\ud1a4": 137.6528996703208, "\uc5ec\ub984 \ucfe8\ud1a4": 138.48834639986745}